{"cameraMode":{"drawMode":0,"name":"Shaded","section":"Shading Mode"},"sceneLighting":true,"audioPlay":false,"sceneViewState":{"showFog":true,"showMaterialUpdate":false,"showSkybox":false,"showFlares":true,"showImageEffects":true,"showParticleSystems":true},"in2DMode":false,"pivot":{"x":7.250397682189941,"y":12.614115715026856,"z":-13.59785270690918},"rotation":{"x":0.26325294375419619,"y":-0.25244593620300295,"z":0.0716041624546051,"w":0.9283844828605652},"size":1.3452508449554444,"orthographic":false}