{"cameraMode":{"drawMode":0,"name":"Shaded","section":"Shading Mode"},"sceneLighting":true,"audioPlay":false,"sceneViewState":{"showFog":true,"showMaterialUpdate":false,"showSkybox":true,"showFlares":true,"showImageEffects":true,"showParticleSystems":true},"in2DMode":false,"pivot":{"x":62.69062805175781,"y":-10.483278274536133,"z":60.33977508544922},"rotation":{"x":0.3953916132450104,"y":0.28430479764938357,"z":-0.13013173639774323,"w":0.8636865019798279},"size":32.122535705566409,"orthographic":false}